{
  "artifact_id": "ART-TEST-EXAMPLE",
  "classification": "private_dev",
  "generated_at": "2026-03-25T17:26:44.955Z",
  "summary": {
    "grammar": {
      "n": 140,
      "score": {
        "mean": 0.9467885714285712,
        "min": 0.5,
        "max": 1
      },
      "pass_rate": 0.42857142857142855
    },
    "clauses": {
      "n": 140,
      "score": {
        "mean": 0.9467885714285712,
        "min": 0.5,
        "max": 1
      },
      "pass_rate": 0.42857142857142855
    },
    "phonotactics": {
      "n": 140,
      "score": {
        "mean": 0.9467885714285712,
        "min": 0.5,
        "max": 1
      },
      "pass_rate": 0.42857142857142855
    },
    "determinism": {
      "n": 140,
      "score": {
        "mean": 0.9467885714285712,
        "min": 0.5,
        "max": 1
      },
      "pass_rate": 0.42857142857142855
    },
    "efficiency": {
      "n": 140,
      "score": {
        "mean": 0.9467885714285712,
        "min": 0.5,
        "max": 1
      },
      "pass_rate": 0.42857142857142855
    },
    "slices": {
      "n": 140,
      "score": {
        "mean": 0.9467885714285712,
        "min": 0.5,
        "max": 1
      },
      "pass_rate": 0.42857142857142855
    }
  }
}
